dataset,neighbours,accuracy_sk,accuracy_mod,roc_auc_sk,roc_auc_mod
9910,3,0.7587340425531914,0.7768652482269504,0.7560286493077513,0.7743875354415883
9910,7,0.7555354609929078,0.7739304964539008,0.7515796809586115,0.770028929423737
9910,11,0.7499304964539008,0.7669971631205674,0.7454723445956275,0.763187547208982
