dataset,neighbours,accuracy_sk,accuracy_mod,roc_auc_sk,roc_auc_mod
9946,3,0.9296992481203008,0.931484962406015,0.9186904761904762,0.921955266955267
9946,7,0.9262218045112782,0.9332706766917293,0.9148520923520923,0.9226082251082252
9946,11,0.9297619047619048,0.9333020050125314,0.9198304473304473,0.9208802308802309
