dataset,neighbours,accuracy_sk,accuracy_mod,roc_auc_sk,roc_auc_mod
3918,3,0.9053562653562655,0.9197706797706798,0.5755734556705431,0.5536154379600982
3918,7,0.9206715806715806,0.9332923832923834,0.5541102101781713,0.5666615544649526
3918,11,0.926986076986077,0.9296805896805898,0.557503600768164,0.5243725328069988
