dataset,neighbours,accuracy_sk,accuracy_mod,roc_auc_sk,roc_auc_mod
10101,3,0.6326306306306307,0.6352792792792793,0.4991916064671482,0.5272273821809426
10101,7,0.6526306306306308,0.6647027027027027,0.5061575507395941,0.508513931888545
10101,11,0.6606486486486487,0.6967567567567569,0.5076195390436876,0.5392328861369109
