dataset,neighbours,accuracy_sk,accuracy_mod,roc_auc_sk,roc_auc_mod
3903,3,0.8662787849093581,0.8713865752082313,0.5683668946301925,0.5462930597771023
3903,7,0.8899395721051772,0.888024661113833,0.5510891590678824,0.5389488348530901
3903,11,0.8931569492079048,0.8899559039686429,0.5334998733535967,0.5068009118541033
