dataset,neighbours,accuracy_sk,accuracy_mod,roc_auc_sk,roc_auc_mod
3917,3,0.7529970661250281,0.7529902956443241,0.558247662623663,0.5430625508823088
3917,7,0.7923583841119386,0.8084698713608667,0.5550972927996302,0.5609215576691529
3917,11,0.8274339878131347,0.8241119386143083,0.5695582173264249,0.5576721248642346
