dataset,neighbours,accuracy_sk,accuracy_ref,accuracy_mod,roc_auc_sk,roc_auc_mod
43,3,0.7993982835046686,,0.8046123738564557,0.7912894631367082,0.7845188981863602
43,7,0.8011374139394511,,0.7991804206356692,0.7928211006295679,0.7773254471876719
43,11,0.7935343770630954,,0.8020065075921909,0.7837590671957646,0.7793638319518239
