dataset,neighbours,accuracy_sk,accuracy_ref,accuracy_mod,roc_auc_sk,roc_auc_mod
37,3,0.7004784688995216,,0.8111756664388243,0.6662820512820513,0.7816666666666666
37,7,0.73703007518797,,0.8177717019822281,0.6907321937321936,0.7842535612535613
37,11,0.7382946001367054,,0.8190362269309638,0.6932934472934473,0.7877378917378918
