dataset,neighbours,accuracy_sk,accuracy_mod,roc_auc_sk,roc_auc_mod
10093,3,1.0,0.9970855812969427,1.0,0.9972151877458175
10093,7,1.0,0.9912461652385487,1.0,0.991304920273859
10093,11,1.0,0.9941658732677456,1.0,0.9942600540098383
