dataset,neighbours,accuracy_sk,accuracy_mod,roc_auc_sk,roc_auc_mod
14952,3,0.9597384075343867,0.9565740960454289,0.9586164836549342,0.9549605148739948
14952,7,0.9598293143937224,0.9467148339374699,0.9586168344883422,0.9451493179604217
14952,11,0.9600103916931915,0.9438236521482984,0.958757861421336,0.942489882626156
