dataset,neighbours,accuracy_sk,accuracy_mod,roc_auc_sk,roc_auc_mod
9976,3,0.7026923076923077,0.8065384615384616,0.7026923076923077,0.8065384615384616
9976,7,0.7346153846153847,0.8238461538461538,0.7346153846153847,0.8238461538461538
9976,11,0.75,0.8334615384615385,0.75,0.8334615384615385
