dataset,neighbours,accuracy_sk,accuracy_ref,accuracy_mod,roc_auc_sk,roc_auc_mod
31,3,0.619,,0.631,0.5145238095238096,0.5240476190476191
31,7,0.6519999999999999,,0.6559999999999999,0.5247619047619048,0.5228571428571429
31,11,0.6639999999999999,,0.6689999999999999,0.521904761904762,0.5311904761904762
