dataset,neighbours,accuracy_sk,accuracy_mod,roc_auc_sk,roc_auc_mod
9952,3,0.9021089203806394,0.8608417197234202,0.8719048674492225,0.824264335641279
9952,7,0.9019278428150888,0.8480786609159991,0.8710506580383914,0.80419712359402
9952,11,0.9006298350106112,0.8477048675292668,0.8699408299051932,0.8042872589899149
