dataset,neighbours,accuracy_sk,accuracy_mod,roc_auc_sk,roc_auc_mod
3913,3,0.7660014513788098,0.7871552975326561,0.6181121317706684,0.6265177911519375
3913,7,0.7774673439767781,0.8197024673439767,0.6215906451272305,0.673084151620737
3913,11,0.7869375907111757,0.8349419448476052,0.6308980044345899,0.6714697497624327
