dataset,neighbours,accuracy_sk,accuracy_mod,roc_auc_sk,roc_auc_mod
9978,3,0.9234446484703248,0.9056503065575301,0.533642032762472,0.5620316322731624
9978,7,0.9356727148236906,0.9222417602937971,0.5139398955784845,0.5271704251320781
9978,11,0.9360695278702812,0.9372599670100528,0.5024938614686381,0.5235285253341843
