dataset,neighbours,accuracy_sk,accuracy_mod,roc_auc_sk,roc_auc_mod
9957,3,0.8150494159928122,0.8178706199460916,0.8059868875086267,0.8059972394755004
9957,7,0.8140341419586703,0.824492362982929,0.8050258799171843,0.8096187025534851
9957,11,0.8102246181491465,0.8254537286612758,0.806304347826087,0.8193616287094547
