dataset,neighbours,accuracy_sk,accuracy_mod,roc_auc_sk,roc_auc_mod
3902,3,0.8518705715635333,0.8634955125177137,0.5555274714052287,0.5787147671568629
3902,7,0.8628389230042514,0.8621398205007086,0.5203788807189543,0.5005642361111111
3902,11,0.8669485120453473,0.8717524799244213,0.5155611723856209,0.49887152777777777
