dataset,neighbours,accuracy_sk,accuracy_mod,roc_auc_sk,roc_auc_mod
9971,3,0.7031852717708942,0.7547632963179427,0.5462878787878788,0.6213997113997115
9971,7,0.732437171244886,0.8080070134424314,0.5585642135642136,0.6684126984126983
9971,11,0.7460841613091759,0.7873465809468148,0.555429292929293,0.6155266955266956
